{
  "backend": "mock",
  "n_examples": 30,
  "ordinal": {
    "groundedness": {
      "dimension": "groundedness",
      "qwk": 0.255939974989579,
      "spearman": 0.3051288246082894,
      "pearson": 0.26081144616447477,
      "mae": 1.3,
      "exact": 0.4666666666666667,
      "within_one": 0.6666666666666666
    },
    "relevance": {
      "dimension": "relevance",
      "qwk": 0.5045678144764583,
      "spearman": 0.38042544409255025,
      "pearson": 0.5274588815999872,
      "mae": 0.8333333333333334,
      "exact": 0.43333333333333335,
      "within_one": 0.8
    },
    "coherence": {
      "dimension": "coherence",
      "qwk": 0.7254575707154742,
      "spearman": 0.6666666666666666,
      "pearson": 0.9557727035567696,
      "mae": 0.23333333333333334,
      "exact": 0.8333333333333334,
      "within_one": 0.9333333333333333
    }
  },
  "overall_pass": {
    "accuracy": 0.7,
    "kappa": 0.3999999999999999,
    "precision": 0.6666666666666666,
    "recall": 0.8,
    "f1": 0.7272727272727272,
    "confusion": [
      [
        9,
        6
      ],
      [
        3,
        12
      ]
    ]
  },
  "gate": {
    "passed": true,
    "checks": [
      {
        "name": "judge-human kappa (overall_pass)",
        "value": 0.3999999999999999,
        "threshold": 0.3,
        "passed": true,
        "detail": "Cohen's kappa between judge and human ship/no-ship verdicts"
      },
      {
        "name": "judge-human QWK (groundedness)",
        "value": 0.255939974989579,
        "threshold": 0.2,
        "passed": true,
        "detail": "quadratic-weighted kappa on the groundedness dimension"
      }
    ]
  }
}
